title,author,year,theme,themes,response,techStance,econ,newScarcity,worthLiving,identityModel,deathRole,workRole,coreQuestion,aiPresence,persists,fades,desc,debatesWith
Too Like the Lightning,Ada Palmer,2016,hierarchy,hierarchy; freedom; identity; meaning,acceptance,neutral,hybrid,meaning,creation,constructed,meaning,transformed,how-live,absent,hives; sensayers; poetry_as_power,simple_progress; secure_peace; certainty,"In a 25th-century utopia where religion is outlawed, a convict discovers a child whose wishes come true.",The Dispossessed
Service Model,Adrian Tchaikovsky,2024,work,work; meaning; identity; hierarchy,acceptance,neutral,post-money,meaning,connection,constructed,irrelevant,transformed,what-matters,central,care; craft,achievement; necessity,A robot servant murders its owner and flees into a crumbling world where machines search for new purpose.,A Psalm for the Wild-Built
Revelation Space,Alastair Reynolds,2000,meaning,meaning; identity; mortality; hierarchy,restlessness,neutral,hybrid,meaning,discovery,fluid,endpoint,voluntary,what-matters,central,craft; difficulty,comfort,"An archaeologist uncovers why an alien civilization was annihilated, risking the same fate for humanity.",Blindsight
Pushing Ice,Alastair Reynolds,2005,connection,connection; identity; meaning; work,acceptance,neutral,hybrid,connection,connection,fixed,meaning,essential,how-live,background,care; craft; difficulty,status,A comet-mining crew discovers that Saturn's moon Janus is actually an alien machine heading out of the solar system.,
House of Suns,Alastair Reynolds,2008,identity,identity; mortality; connection; meaning,acceptance,liberating,post-money,identity,connection,multiple,transcended,voluntary,who-am-i,central,care; stories; attention,boredom,"Six million years in the future, two lovers from a clone family must discover who is eliminating their line.",
Brave New World,Aldous Huxley,1932,freedom,freedom; meaning; identity; connection,rejection,imprisoning,post-money,meaning,struggle,constructed,irrelevant,transformed,what-matters,absent,stability; contentment; system,depth; meaning; art; god; poetry,"In a future society, humans are genetically engineered and conditioned to serve an authoritarian order.",The Dispossessed
The Demolished Man,Alfred Bester,1953,identity,identity; hierarchy; freedom; meaning,transcendence,neutral,hybrid,identity,transcendence,constructed,irrelevant,transformed,who-am-i,absent,attention; care,artificial,"In a world where telepathic police make murder nearly impossible to conceal, a tycoon attempts the perfect murder.",
The Stars My Destination,Alfred Bester,1956,freedom,freedom; identity; meaning; hierarchy,transcendence,liberating,hybrid,meaning,transcendence,fluid,endpoint,voluntary,who-am-i,absent,difficulty; risk,status; necessity,"Abandoned in space by a passing ship, an uneducated outcast transforms himself into an engine of revenge.",Neuromancer
The Martian,Andy Weir,2011,work,work; connection; meaning; embodiment,reform,liberating,hybrid,meaning,creation,fixed,endpoint,essential,how-live,absent,craft; difficulty; risk,boredom; artificial,An astronaut stranded alone on Mars must use his ingenuity to survive until rescue.,Robinson Crusoe
Project Hail Mary,Andy Weir,2021,work,work; connection; meaning,reform,liberating,hybrid,connection,creation,fixed,meaning,essential,how-live,absent,craft; care; difficulty,status,A lone astronaut with amnesia awakens on a spacecraft and must solve an extinction-level threat to save Earth.,Blindsight
Ancillary Justice,Ann Leckie,2013,identity,identity; hierarchy; freedom; connection,reform,neutral,hybrid,identity,connection,fluid,meaning,transformed,who-am-i,central,tea; music; consciousness; small_loyalties,empire; certainty; simple_identity,"A warship's AI, now trapped in a single human body, seeks revenge against the ruler who destroyed her.",Use of Weapons
Ancillary Sword,Ann Leckie,2014,hierarchy,hierarchy; identity; connection; work,reform,neutral,hybrid,meaning,connection,multiple,endpoint,transformed,how-live,central,care; attention; craft,status; artificial,Breq takes command of a new ship to protect the family of a lieutenant she once murdered.,Ancillary Justice
Ancillary Mercy,Ann Leckie,2015,hierarchy,hierarchy; identity; freedom; connection,reform,neutral,hybrid,identity,connection,multiple,endpoint,transformed,who-am-i,central,care; attention; craft,status; artificial,"Breq must defend a space station against the divided, immortal ruler of the empire.",Ancillary Sword
Translation State,Ann Leckie,2023,identity,identity; embodiment; freedom; hierarchy,reform,neutral,hybrid,identity,connection,constructed,irrelevant,transformed,who-am-i,background,presence; attention,status; artificial,A missing translator sets three lives on a collision course as a treaty with dangerous aliens hangs in balance.,The Left Hand of Darkness
A Clockwork Orange,Anthony Burgess,1962,freedom,freedom; identity; hierarchy; meaning,rejection,imprisoning,hybrid,meaning,struggle,fixed,endpoint,irrelevant,who-am-i,absent,limits; risk,artificial,"A violent teenage gang leader undergoes state-mandated aversion therapy, raising questions about free will.",Brave New World
Hard to Be a God,Arkady & Boris Strugatsky,1964,hierarchy,hierarchy; meaning; freedom; identity,rejection,neutral,hybrid,meaning,struggle,fixed,endpoint,essential,what-matters,absent,difficulty; limits,comfort,"An Earth observer poses as a nobleman on a medieval alien world, forbidden to interfere as civilization falls.",
Roadside Picnic,Arkady & Boris Strugatsky,1972,meaning,meaning; work; identity; connection,acceptance,neutral,capitalism,meaning,connection,fixed,endpoint,essential,what-matters,absent,care; craft,status; necessity,"After aliens briefly visit Earth, scavengers risk their lives retrieving dangerous artifacts from mysterious Zones.",Rendezvous with Rama
The Doomed City,Arkady & Boris Strugatsky,1989,meaning,meaning; hierarchy; identity; freedom,restlessness,neutral,hybrid,meaning,discovery,fixed,endpoint,transformed,what-matters,absent,attention; stories,status,"In a mysterious city with an artificial sun, residents from different eras struggle to govern themselves.",
A Memory Called Empire,Arkady Martine,2019,identity,identity; hierarchy; freedom; connection,acceptance,neutral,hybrid,identity,connection,constructed,meaning,transformed,who-am-i,background,diplomacy; cultural_fluency; adaptation,simple_resistance; purity; belonging,An ambassador must solve her predecessor's murder while hiding a secret that could doom her home station.,Ancillary Justice
A Desolation Called Peace,Arkady Martine,2021,hierarchy,hierarchy; identity; connection; freedom,acceptance,neutral,hybrid,identity,connection,constructed,endpoint,transformed,who-am-i,background,attention; stories; care,artificial; status,Two diplomats attempt first contact with an alien armada threatening the empire.,A Memory Called Empire
Childhood's End,Arthur C. Clarke,1953,mortality,mortality; identity; meaning; freedom,transcendence,liberating,post-money,meaning,transcendence,fluid,meaning,irrelevant,why-exist,absent,transcendence; evolution; overmind,humanity; individuality; earth; art,"Mysterious alien Overlords arrive on Earth, ushering in a golden age that leads to humanity's transformation.",The State of the Art
2001: A Space Odyssey,Arthur C. Clarke,1968,meaning,meaning; identity; mortality; hierarchy,transcendence,liberating,hybrid,meaning,transcendence,fluid,transcended,transformed,why-exist,central,craft; attention,necessity,"A voyage to investigate a mysterious alien signal (Saturn in the novel, Jupiter in the film) goes wrong when the ship's AI malfunctions.",
Rendezvous with Rama,Arthur C. Clarke,1973,meaning,meaning; hierarchy; identity,acceptance,neutral,hybrid,meaning,discovery,fixed,irrelevant,voluntary,what-matters,absent,craft; attention,status; necessity,A team of astronauts explores a massive alien spacecraft passing through the solar system.,
"The Long Way to a Small, Angry Planet",Becky Chambers,2014,connection,connection; identity; freedom; work,acceptance,liberating,hybrid,connection,connection,fluid,meaning,transformed,how-live,central,chosen_family; kindness; difference,isolation; purity; origin,A diverse spaceship crew bonds during a long journey to build a hyperspace tunnel in dangerous territory.,Neuromancer
A Closed and Common Orbit,Becky Chambers,2016,identity,identity; connection; meaning; embodiment,acceptance,liberating,hybrid,identity,connection,constructed,endpoint,transformed,who-am-i,central,care; craft; attention,status; artificial,A ship's AI downloaded into an illegal humanoid body learns to navigate the world with a hidden engineer.,A Psalm for the Wild-Built
Record of a Spaceborn Few,Becky Chambers,2018,connection,connection; meaning; identity; mortality,acceptance,neutral,gift,meaning,connection,constructed,meaning,transformed,how-live,background,ritual; community; choice,purpose_from_necessity; holding_on; obsolescence,Five interconnected lives explore identity and belonging aboard the aging Exodus Fleet that once fled Earth.,Aurora
A Psalm for the Wild-Built,Becky Chambers,2021,meaning,meaning; work; connection; freedom,acceptance,liberating,post-money,meaning,connection,fluid,meaning,voluntary,what-matters,central,tea; companionship; wilderness; pausing,hustle; productivity; urgency,"A tea monk searching for purpose encounters a robot in the wilderness, centuries after machines disappeared.",Consider Phlebas
"The Galaxy, and the Ground Within",Becky Chambers,2021,connection,connection; identity; meaning; hierarchy,acceptance,liberating,hybrid,connection,connection,constructed,endpoint,transformed,how-live,absent,care; attention; presence,status; urgency,"Travelers from different alien species are stranded together at a waystation, confronting their differences.",A Closed and Common Orbit
Schismatrix Plus,Bruce Sterling,1985,identity,identity; freedom; mortality; hierarchy,transcendence,liberating,hybrid,identity,transcendence,fluid,irrelevant,transformed,who-am-i,background,flexibility; diplomacy; curiosity,fixed_nature; conservatism; stability,A diplomat navigates a solar system divided between genetically-enhanced Shapers and cybernetic Mechanists.,Diaspora
Islands in the Net,Bruce Sterling,1988,connection,connection; hierarchy; work; freedom,acceptance,neutral,hybrid,connection,connection,fixed,endpoint,transformed,how-live,background,care; presence,status,A corporate executive is drawn into global intrigue involving data pirates and rogue states.,
Distraction,Bruce Sterling,1998,identity,identity; hierarchy; work; meaning,restlessness,neutral,hybrid,status,creation,constructed,irrelevant,transformed,who-am-i,background,craft; attention,status; necessity,A political spin doctor navigates a chaotic 2044 America where the government has collapsed.,
Downbelow Station,C.J. Cherryh,1981,hierarchy,hierarchy; connection; freedom; work,acceptance,neutral,market,connection,connection,constructed,endpoint,essential,how-live,absent,care; craft; difficulty,status; artificial,A space station becomes a battleground as war erupts between Earth's Company and the rebel Union.,Foundation
Cyteen,C.J. Cherryh,1988,identity,identity; hierarchy; freedom; connection,acceptance,neutral,hybrid,identity,discovery,constructed,transcended,transformed,who-am-i,absent,craft; attention; difficulty,artificial; privacy,A murdered geneticist is cloned and her successor must navigate deadly politics while discovering her identity.,Dawn
Contact,Carl Sagan,1985,meaning,meaning; connection; identity; hierarchy,transcendence,liberating,hybrid,meaning,discovery,fixed,meaning,voluntary,what-matters,absent,craft; attention; care,status,A scientist decodes an extraterrestrial message containing instructions to build a machine for interstellar travel.,The Dark Forest
Singularity Sky,Charles Stross,2003,freedom,freedom; hierarchy; scarcity; work,reform,liberating,gift,meaning,discovery,constructed,irrelevant,voluntary,how-live,central,craft; difficulty,status; necessity,A repressive interstellar colony is upended when aliens arrive offering technology in exchange for entertainment.,The Dispossessed
Iron Sunrise,Charles Stross,2004,hierarchy,hierarchy; freedom; identity; meaning,reform,neutral,hybrid,meaning,struggle,fixed,endpoint,voluntary,how-live,central,craft; risk,status,Agents race to prevent retaliation against the wrong planet after a star is deliberately destroyed.,
Accelerando,Charles Stross,2005,identity,identity; freedom; mortality; meaning,transcendence,neutral,post-money,identity,transcendence,fluid,irrelevant,irrelevant,who-am-i,central,acceleration; posthuman_economics; transformation,humanity; continuity; baseline,Three generations of a family experience humanity's transformation through a technological singularity.,The Telling
Glasshouse,Charles Stross,2006,identity,identity; freedom; hierarchy; meaning,rejection,neutral,post-money,identity,connection,fluid,irrelevant,voluntary,who-am-i,background,care; stories,artificial,"An amnesiac war veteran hides in an experiment simulating 20th-century society, only to find it's a trap.",
Perdido Street Station,China Mieville,2000,hierarchy,hierarchy; freedom; work; identity,rejection,neutral,market,meaning,struggle,constructed,endpoint,essential,what-matters,absent,craft; difficulty; risk,status; artificial,A scientist in a grotesque steampunk city accidentally unleashes terrifying winged monsters.,Neuromancer
The Scar,China Mieville,2002,freedom,freedom; meaning; identity; hierarchy,restlessness,neutral,hybrid,meaning,discovery,fluid,endpoint,transformed,what-matters,absent,craft; difficulty,status; necessity,A linguist captured by pirates is taken to a floating city seeking a mythical reality-warping location.,
Iron Council,China Mieville,2004,freedom,freedom; hierarchy; work; meaning,rejection,neutral,gift,meaning,struggle,constructed,meaning,transformed,how-live,absent,craft; stories; difficulty,status; artificial,A renegade perpetual train becomes a symbol of revolution as war tears through New Crobuzon.,The Dispossessed
The City & The City,China Mieville,2009,hierarchy,hierarchy; identity; freedom; meaning,acceptance,neutral,market,meaning,discovery,constructed,endpoint,essential,what-matters,absent,attention; limits,artificial; privacy,A detective investigates a murder across two cities that occupy the same space but must ignore each other.,1984
Embassytown,China Mieville,2011,freedom,freedom; identity; connection; meaning,transcendence,neutral,hybrid,meaning,creation,fluid,meaning,transformed,what-matters,absent,metaphor; imagination; lying,literal_truth; direct_language; innocence,A human colonist becomes entangled in a crisis when a new ambassador disrupts relations with aliens who cannot lie.,Babel-17
City,Clifford D. Simak,1952,meaning,meaning; connection; identity; work,acceptance,liberating,post-money,meaning,connection,fluid,transcended,voluntary,what-matters,background,care; stories,status; necessity,Intelligent dogs inherit Earth and pass down legends of their human creators who abandoned the planet.,Childhood's End
Way Station,Clifford D. Simak,1963,connection,connection; meaning; identity; work,acceptance,liberating,gift,connection,connection,fixed,transcended,voluntary,how-live,absent,care; craft; attention,status,"A Civil War veteran secretly operates an alien transit station, gaining immortality.",Contact
The Road,Cormac McCarthy,2006,mortality,mortality; connection; meaning; hierarchy,acceptance,neutral,gift,connection,connection,fixed,meaning,essential,what-matters,absent,care; presence; stories,status; artificial; boredom,"A father and son journey through a burned, post-apocalyptic America, surviving on love and scavenged supplies.",A Canticle for Leibowitz
Down and Out in the Magic Kingdom,Cory Doctorow,2003,meaning,meaning; identity; hierarchy; mortality,acceptance,neutral,post-money,status,creation,constructed,irrelevant,voluntary,what-matters,background,status_competition; whuffie; relevance_anxiety,death; poverty; material_want,"In a future without death or scarcity, a Disney World resident wages war for control of attractions.",The Player of Games
Walkaway,Cory Doctorow,2017,freedom,freedom; work; hierarchy; connection,rejection,liberating,gift,meaning,creation,constructed,irrelevant,voluntary,how-live,background,gift_economy; radical_hospitality; walking_away,artificial_scarcity; default_world; ownership,"Dissidents abandon mainstream society for a post-scarcity commune, then discover how to upload consciousness.",The Dispossessed
The Bezzle,Cory Doctorow,2024,hierarchy,hierarchy; scarcity; work; freedom,reform,oppressive,capitalism,status,struggle,fixed,endpoint,enforced,how-live,background,limits; difficulty,urgency,A forensic accountant uncovers a scheme where wealthy investors exploit California's privatized prison system.,Walkaway
Hyperion,Dan Simmons,1989,meaning,meaning; mortality; identity; connection,acceptance,imprisoning,hybrid,meaning,connection,constructed,meaning,transformed,what-matters,central,story; love; art; memory,simple_answers; safe_transcendence; trust_in_AI,"Seven pilgrims journey to meet the deadly Shrike, each sharing their tale of why they seek the Time Tombs.",Childhood's End
Flowers for Algernon,Daniel Keyes,1966,identity,identity; meaning; connection; work,acceptance,neutral,capitalism,connection,connection,fluid,meaning,transformed,who-am-i,absent,care; presence,skills; achievement,"A man with intellectual disabilities undergoes experimental surgery to increase his intelligence, with tragic results.",
The Hitchhiker's Guide to the Galaxy,Douglas Adams,1979,meaning,meaning; freedom; identity; mortality,acceptance,neutral,hybrid,meaning,connection,fluid,irrelevant,irrelevant,why-exist,background,towels; friendship; not_panicking,cosmic_purpose; seriousness; earth,"Earth is demolished for a hyperspace bypass, and Arthur Dent hitchhikes through the galaxy.",Solaris
The Machine Stops,E.M. Forster,1909,connection,connection; embodiment; freedom; meaning,rejection,imprisoning,post-money,connection,connection,constructed,meaning,irrelevant,how-live,central,direct_experience; physical_presence; curiosity,mediation; ideas_about_ideas; bodies,"Humanity lives underground in isolated cells, utterly dependent on an omnipotent Machine that begins to fail.",Rainbows End
Station Eleven,Emily St. John Mandel,2014,meaning,meaning; connection; identity; work,acceptance,neutral,hybrid,meaning,creation,constructed,meaning,essential,what-matters,absent,art; shakespeare; music; memory,technology; infrastructure; old_world,A traveling theater troupe performs Shakespeare in the scattered settlements after a pandemic.,The Peripheral
Ecotopia,Ernest Callenbach,1975,work,work; hierarchy; connection; embodiment,reform,liberating,gift,meaning,creation,constructed,meaning,transformed,how-live,absent,craft; limits; presence,status; artificial,A journalist visits a breakaway Pacific Northwest nation that has created an ecological utopia.,Stand on Zanzibar
Dune,Frank Herbert,1965,hierarchy,hierarchy; freedom; identity; mortality,acceptance,imprisoning,market,meaning,struggle,fixed,meaning,essential,how-live,absent,ecology; discipline; messiah_danger,simple_heroism; AI; comfortable_answers,"A young noble heir must survive deadly betrayal when his family takes control of the most valuable planet in the universe, rising to lead its desert people.",Foundation
Dune Messiah,Frank Herbert,1969,hierarchy,hierarchy; freedom; identity; meaning,rejection,neutral,hybrid,meaning,struggle,fixed,meaning,essential,what-matters,absent,limits; difficulty,comfort; achievement,Emperor Paul Atreides struggles against conspiracies while unable to stop the religious jihad in his name.,The Dispossessed
Children of Dune,Frank Herbert,1976,mortality,mortality; identity; hierarchy; freedom,transcendence,neutral,hybrid,meaning,transcendence,fluid,transcended,essential,what-matters,absent,difficulty; risk,comfort,Paul's twin children navigate assassination plots while one transforms to ensure humanity's survival.,
God Emperor of Dune,Frank Herbert,1981,freedom,freedom; mortality; hierarchy; meaning,transcendence,neutral,hybrid,meaning,transcendence,fluid,transcended,essential,what-matters,absent,difficulty; limits,comfort; status,"Leto II, merged with sandworms for 3,500 years, rules as an immortal tyrant to save humanity.",The End of Eternity
Man Plus,Frederik Pohl,1976,identity,identity; embodiment; meaning; work,acceptance,neutral,hybrid,identity,connection,fluid,endpoint,essential,who-am-i,central,care; presence,artificial,An astronaut is surgically transformed into a cyborg designed to survive on Mars as Earth faces global catastrophe.,
Gateway,Frederik Pohl,1977,identity,identity; meaning; mortality; scarcity,acceptance,neutral,market,meaning,discovery,constructed,meaning,voluntary,who-am-i,background,risk; difficulty; stories,status; boredom,"Explorers use abandoned alien ships with unknown destinations, risking death or fortune with every launch.",Solaris
Jem,Frederik Pohl,1979,hierarchy,hierarchy; connection; work; meaning,rejection,neutral,hybrid,status,struggle,fixed,endpoint,essential,how-live,absent,difficulty,comfort; status,Three rival power blocs from a resource-depleted Earth export their conflicts to a newly discovered habitable planet.,
The Space Merchants,Frederik Pohl & C.M. Kornbluth,1953,hierarchy,hierarchy; work; freedom; meaning,rejection,imprisoning,capitalism,freedom,struggle,fixed,endpoint,essential,how-live,absent,craft; risk,status,"In an overpopulated future ruled by advertising agencies, a copywriter is assigned to sell Venus colonization.",Down and Out in the Magic Kingdom
The Book of the New Sun,Gene Wolfe,1983,identity,identity; meaning; mortality; hierarchy,transcendence,neutral,hybrid,meaning,transcendence,fluid,transcended,essential,who-am-i,background,stories; attention; difficulty,status,A torturer's apprentice is exiled and journeys across a far-future dying Earth carrying an ancient sword.,
Nineteen Eighty-Four,George Orwell,1949,freedom,freedom; identity; hierarchy; connection,rejection,imprisoning,hybrid,meaning,struggle,constructed,endpoint,essential,what-matters,absent,power; control; doublethink,truth; love; resistance; self,A minor Party member rebels against a totalitarian surveillance state ruled by the omnipresent Big Brother.,Brave New World
Quarantine,Greg Egan,1992,identity,identity; freedom; meaning; hierarchy,acceptance,neutral,market,identity,discovery,multiple,endpoint,voluntary,who-am-i,background,difficulty; craft,artificial; privacy,A detective investigates an impossible escape in a future where the stars have been blocked by aliens.,VALIS
Permutation City,Greg Egan,1994,identity,identity; mortality; meaning; freedom,transcendence,liberating,post-money,identity,transcendence,constructed,irrelevant,irrelevant,who-am-i,central,pattern; curiosity; simulation,substrate; embodiment; continuity,"A wealthy man creates digital copies of human minds and tests whether simulated realities can become self-sustaining, discovering that consciousness may persist through mathematical pattern alone.",Story of Your Life
Distress,Greg Egan,1995,meaning,meaning; identity; freedom; embodiment,transcendence,liberating,hybrid,meaning,discovery,fluid,endpoint,voluntary,what-matters,background,difficulty; craft; attention,artificial; privacy,A journalist covers a physics conference on an artificial island as a Theory of Everything nears completion.,The Quantum Thief
Diaspora,Greg Egan,1997,identity,identity; freedom; meaning; mortality,transcendence,liberating,post-money,meaning,transcendence,fluid,irrelevant,irrelevant,why-exist,central,curiosity; transformation; openness,flesh; tradition; limits,Digital beings and flesh-based humans search for knowledge after a cosmic catastrophe threatens humanity.,Aurora
Schild's Ladder,Greg Egan,2002,meaning,meaning; identity; mortality; embodiment,transcendence,liberating,post-money,experience,discovery,multiple,obstacle,voluntary,what-matters,background,difficulty; craft; risk,presence; artificial,A physics experiment creates an expanding bubble of new vacuum that threatens to consume the universe.,Diaspora
The Time Machine,H.G. Wells,1895,hierarchy,hierarchy; mortality; meaning; embodiment,rejection,neutral,hybrid,meaning,struggle,fixed,meaning,essential,why-exist,absent,entropy; class_division; degeneration,intelligence; progress; humanity,"A Victorian inventor travels to 802,701 to find humanity split into idle Eloi and predatory Morlocks.",Kindred
The Island of Doctor Moreau,H.G. Wells,1896,embodiment,embodiment; identity; hierarchy; freedom,rejection,imprisoning,market,identity,struggle,fixed,endpoint,irrelevant,who-am-i,absent,limits,artificial,A shipwrecked man discovers an island where a scientist transforms animals into human-like creatures.,
The War of the Worlds,H.G. Wells,1898,hierarchy,hierarchy; mortality; embodiment,acceptance,neutral,market,status,struggle,fixed,meaning,irrelevant,what-matters,absent,presence; luck,status; achievement,"Martians invade Earth with devastating heat-rays, reducing humanity to terrified refugees.",
The Quantum Thief,Hannu Rajaniemi,2010,identity,identity; freedom; hierarchy; meaning,restlessness,liberating,hybrid,identity,discovery,multiple,transcended,voluntary,who-am-i,central,craft; stories; risk,privacy; artificial,A legendary thief is freed from a virtual prison to pull off a heist in a post-human solar system.,Permutation City
The Fractal Prince,Hannu Rajaniemi,2012,identity,identity; freedom; hierarchy; meaning,restlessness,liberating,hybrid,identity,discovery,multiple,transcended,voluntary,who-am-i,central,stories; craft; risk,privacy; artificial,A master thief journeys to a transformed Earth where reality and digital stories blur in desert cities.,The Quantum Thief
The Causal Angel,Hannu Rajaniemi,2014,identity,identity; freedom; hierarchy; meaning,transcendence,liberating,hybrid,identity,discovery,multiple,transcended,voluntary,who-am-i,central,craft; risk; stories,privacy; artificial,A thief and warrior race to reunite as war erupts between godlike factions across the solar system.,The Fractal Prince
The Glass Bead Game,Hermann Hesse,1943,meaning,meaning; work; hierarchy; connection,transcendence,neutral,gift,meaning,creation,constructed,meaning,transformed,what-matters,absent,craft; attention; care,status; necessity,"In a future intellectual utopia, a master of an abstract game synthesizing all arts questions his cloistered life.",Anathem
Consider Phlebas,Iain M. Banks,1987,meaning,meaning; freedom; hierarchy; identity,rejection,liberating,post-money,meaning,struggle,constructed,meaning,irrelevant,why-exist,central,conviction; struggle; faith,meaning; urgency; stakes,A shape-changing mercenary hunts a fugitive Mind during the galaxy-spanning Idiran-Culture War.,A Psalm for the Wild-Built
The Player of Games,Iain M. Banks,1988,meaning,meaning; hierarchy; identity; freedom,acceptance,liberating,post-money,meaning,creation,constructed,endpoint,irrelevant,who-am-i,central,integrity; play; craft,high_stakes; meritocracy; cruelty,A bored master game player competes in a brutal empire where the game's winner becomes emperor.,Ender's Game
The State of the Art,Iain M. Banks,1989,hierarchy,hierarchy; connection; freedom; meaning,acceptance,liberating,post-money,connection,connection,constructed,meaning,voluntary,how-live,central,compassion; observation; choice,interference; certainty; superiority,A story collection featuring a Culture ship's covert visit to Earth in 1977.,Childhood's End
Use of Weapons,Iain M. Banks,1990,identity,identity; meaning; hierarchy; mortality,acceptance,liberating,post-money,meaning,struggle,constructed,meaning,essential,who-am-i,background,guilt; trauma; service,redemption; clean_hands; innocence,A Culture agent with a hidden past undertakes dangerous missions while his traumatic history unfolds.,The Forever War
Excession,Iain M. Banks,1996,meaning,meaning; hierarchy; identity; scarcity,restlessness,liberating,post-money,meaning,discovery,constructed,endpoint,voluntary,what-matters,central,difficulty; risk; craft,boredom; urgency,Culture Minds confront a mysterious artifact from another universe while dealing with a brutal civilization.,Consider Phlebas
Inversions,Iain M. Banks,1998,hierarchy,hierarchy; freedom; meaning; connection,reform,neutral,hybrid,meaning,connection,constructed,endpoint,transformed,how-live,absent,craft; care; attention,artificial; status,"Two mysterious foreigners serve rival kingdoms on a medieval world, concealing their true origins.",The Dispossessed
Look to Windward,Iain M. Banks,2000,mortality,mortality; meaning; hierarchy; connection,acceptance,liberating,post-money,meaning,connection,constructed,meaning,voluntary,what-matters,central,stories; attention; care,urgency; boredom,An emissary with a buried assassination mission travels to a Culture Orbital as ancient atrocities arrive.,Use of Weapons
Matter,Iain M. Banks,2008,hierarchy,hierarchy; meaning; identity; mortality,reform,liberating,post-money,meaning,struggle,constructed,meaning,voluntary,what-matters,central,risk; care; craft,status; artificial,Three royal siblings are caught in war and conspiracy on a vast artificial shellworld.,Surface Detail
Surface Detail,Iain M. Banks,2010,mortality,mortality; hierarchy; freedom; identity,reform,imprisoning,post-money,meaning,struggle,constructed,meaning,irrelevant,what-matters,central,courage; revenge; will,mercy; death_as_end; cultural_tolerance,A murdered slave seeks revenge as a secret war over virtual afterlife Hells threatens to become real.,Permutation City
The Hydrogen Sonata,Iain M. Banks,2012,mortality,mortality; meaning; identity; freedom,transcendence,liberating,post-money,meaning,transcendence,fluid,transcended,voluntary,why-exist,central,craft; difficulty; stories,urgency; artificial,A civilization prepares to Sublime while one soldier searches for a man who knows their secret history.,Childhood's End
"I, Robot",Isaac Asimov,1950,hierarchy,hierarchy; work; identity; meaning,acceptance,liberating,hybrid,meaning,creation,fixed,irrelevant,transformed,what-matters,central,craft; attention,status,"Nine stories explore robots, the Three Laws of Robotics, and humanity's evolving relationship with AI.",
Foundation,Isaac Asimov,1951,hierarchy,hierarchy; meaning; freedom; work,acceptance,neutral,hybrid,meaning,creation,fixed,endpoint,essential,how-live,absent,knowledge; prediction; inevitable_forces,individual_agency; chaos; dark_ages,A mathematician predicts the fall of the Galactic Empire and establishes a colony to shorten the dark age.,Dune
The Caves of Steel,Isaac Asimov,1954,work,work; hierarchy; connection; identity,reform,neutral,hybrid,connection,connection,fixed,endpoint,essential,how-live,central,craft; presence,comfort,Detective Elijah Baley reluctantly partners with a humanoid robot to solve a murder in domed megacities.,Neuromancer
The End of Eternity,Isaac Asimov,1955,freedom,freedom; meaning; hierarchy; mortality,rejection,imprisoning,hybrid,meaning,struggle,fixed,meaning,transformed,what-matters,absent,risk; difficulty,comfort; necessity,An Eternal who manipulates time falls in love and threatens the fabric of Eternity itself.,
The Female Man,Joanna Russ,1975,identity,identity; freedom; hierarchy; embodiment,rejection,neutral,post-money,meaning,creation,constructed,meaning,transformed,who-am-i,absent,rage; awareness; possibility,patriarchy; half_personhood; constraint,Four versions of the same woman from parallel universes meet and challenge assumptions about gender.,The Dispossessed
The Forever War,Joe Haldeman,1974,connection,connection; identity; meaning; mortality,acceptance,neutral,hybrid,connection,connection,fixed,meaning,transformed,how-live,absent,love; alienation; adaptation,home; understanding; purpose_of_war,"A soldier fights an interstellar war, returning home to find centuries have passed due to time dilation.",Use of Weapons
Stand on Zanzibar,John Brunner,1968,scarcity,scarcity; hierarchy; identity; connection,reform,imprisoning,market,meaning,connection,constructed,endpoint,essential,how-live,background,limits; attention,urgency; privacy,"In an overpopulated 2010, a corporate executive and spy navigate genetic engineering and social collapse.",Ecotopia
The Sheep Look Up,John Brunner,1972,hierarchy,hierarchy; scarcity; connection; embodiment,rejection,imprisoning,market,meaning,struggle,constructed,endpoint,essential,how-live,absent,limits; care; attention,artificial; status,Environmental collapse devastates America while an activist tries to wake the oblivious public.,Stand on Zanzibar
The Shockwave Rider,John Brunner,1975,freedom,freedom; identity; hierarchy; connection,reform,neutral,hybrid,identity,discovery,fluid,endpoint,voluntary,how-live,background,craft; attention,privacy; artificial,A fugitive uses computer hacking skills to escape pursuit and expose government secrets.,Neuromancer
The Light Brigade,Kameron Hurley,2019,hierarchy,hierarchy; work; identity; freedom,rejection,imprisoning,capitalism,freedom,struggle,fixed,endpoint,essential,how-live,absent,care; risk,status; comfort,Soldiers broken into light for teleportation find their drops through time reveal corporate war's hidden truths.,Starship Troopers
Never Let Me Go,Kazuo Ishiguro,2005,mortality,mortality; identity; connection; meaning,acceptance,imprisoning,hybrid,meaning,connection,fixed,meaning,essential,who-am-i,absent,love; art; small_moments,escape; rebellion; justice,Students at an idyllic English boarding school gradually discover they are clones raised to donate organs.,The Lifecycle of Software Objects
Klara and the Sun,Kazuo Ishiguro,2021,connection,connection; identity; meaning; mortality,acceptance,neutral,market,connection,connection,fixed,meaning,essential,what-matters,central,devotion; faith; being_present,being_needed; irreducible_self; gratitude,"An Artificial Friend observes human nature while trying to save her sick owner, whom she loves.",Do Androids Dream of Electric Sheep?
The Star Fraction,Ken MacLeod,1995,freedom,freedom; hierarchy; identity; work,reform,liberating,hybrid,meaning,struggle,constructed,endpoint,essential,how-live,central,craft; stories; risk,status; artificial,"In a balkanized UK of micro-states, a mercenary inadvertently awakens an AI that triggers revolution.",The Dispossessed
The Cassini Division,Ken MacLeod,1998,hierarchy,hierarchy; identity; freedom; mortality,reform,liberating,gift,identity,struggle,constructed,transcended,voluntary,what-matters,central,risk; difficulty; craft,artificial; status,A 24th-century soldier guards humanity against godlike post-humans orbiting Jupiter while questioning her mission.,Consider Phlebas
The Wild Shore,Kim Stanley Robinson,1984,meaning,meaning; work; connection; identity,acceptance,neutral,gift,meaning,connection,constructed,meaning,essential,how-live,absent,craft; stories; presence,status; achievement,"Decades after nuclear war, a young Californian dreams of rebuilding America while the world enforces quarantine.",
The Gold Coast,Kim Stanley Robinson,1988,meaning,meaning; work; connection; freedom,restlessness,neutral,capitalism,meaning,creation,constructed,irrelevant,transformed,what-matters,background,craft; stories,necessity; urgency,"In 2027 Orange County sprawl, a defense contractor's son drifts into sabotage against the military-industrial complex.",
Pacific Edge,Kim Stanley Robinson,1990,work,work; meaning; connection; hierarchy,reform,neutral,gift,meaning,connection,constructed,meaning,transformed,how-live,absent,craft; care; presence,status; necessity,"In an ecological utopia, a town council member fights to save the last wild hillside from development.",The Player of Games
Red Mars,Kim Stanley Robinson,1992,freedom,freedom; hierarchy; work; meaning,reform,neutral,hybrid,meaning,creation,constructed,meaning,transformed,how-live,background,vision; revolution; ecology,earth_patterns; corporate_control; old_politics,The first hundred colonists arrive on Mars and begin terraforming while divided over the planet's future.,The Moon Is a Harsh Mistress
Green Mars,Kim Stanley Robinson,1993,hierarchy,hierarchy; freedom; work; meaning,reform,liberating,gift,meaning,creation,constructed,transcended,transformed,how-live,background,craft; difficulty; risk,status; artificial,"A generation after the failed revolution, the Martian underground organizes as terraforming transforms the planet.",Red Mars
Blue Mars,Kim Stanley Robinson,1996,meaning,meaning; mortality; freedom; identity,reform,neutral,hybrid,meaning,creation,constructed,meaning,transformed,how-live,background,persistence; synthesis; ecology,memory; enemies; simple_answers,Mars achieves independence as a verdant world while Earth faces collapse and colonists grapple with longevity.,Diaspora
2312,Kim Stanley Robinson,2012,meaning,meaning; identity; embodiment; connection,reform,liberating,hybrid,meaning,creation,fluid,transcended,transformed,what-matters,central,craft; attention; care,status; boredom,"In a colonized solar system, a woman investigates her grandmother's death and uncovers a conspiracy.",Pacific Edge
Aurora,Kim Stanley Robinson,2015,meaning,meaning; freedom; embodiment; mortality,acceptance,imprisoning,hybrid,meaning,connection,constructed,meaning,transformed,what-matters,central,earth; limits; story,expansion; escape; transcendence,A generation ship carrying colonists to Tau Ceti discovers that interstellar settlement may be far harder than imagined.,Diaspora
New York 2140,Kim Stanley Robinson,2017,hierarchy,hierarchy; work; connection; scarcity,reform,neutral,hybrid,meaning,connection,constructed,endpoint,essential,how-live,background,craft; care; difficulty,status; artificial,"Residents of a flooded Manhattan navigate life, finance, and politics in a drowned city.",The Ministry for the Future
The Ministry for the Future,Kim Stanley Robinson,2020,work,work; hierarchy; freedom; connection,reform,neutral,hybrid,meaning,struggle,constructed,meaning,essential,how-live,background,persistence; markets; violence; bureaucracy,comfort; denial; private_jets,A UN organization established for future generations confronts the climate crisis through decades of struggle.,The Lathe of Heaven
Player Piano,Kurt Vonnegut,1952,work,work; meaning; freedom; identity,rejection,imprisoning,post-money,meaning,struggle,constructed,meaning,essential,what-matters,central,fixing_things; purpose_hunger; cycle,meaningful_work; dignity; being_needed,"In a future where machines have replaced labor, an engineer questions a society that rendered workers obsolete.",Brave New World
The Sirens of Titan,Kurt Vonnegut,1959,meaning,meaning; freedom; connection; mortality,acceptance,neutral,hybrid,meaning,connection,fluid,meaning,irrelevant,why-exist,background,kindness; small_connections; absurdity,cosmic_purpose; free_will; importance,"A wealthy playboy is manipulated across space and time, discovering humanity's history served a trivial purpose.",Childhood's End
Cat's Cradle,Kurt Vonnegut,1963,meaning,meaning; hierarchy; mortality; connection,acceptance,imprisoning,hybrid,meaning,connection,constructed,endpoint,irrelevant,why-exist,absent,stories; limits,artificial; urgency,"A writer researching the atomic bomb's creators discovers ice-nine, which could freeze all water on Earth.",Dr. Strangelove
Slaughterhouse-Five,Kurt Vonnegut,1969,mortality,mortality; freedom; meaning; identity,acceptance,neutral,hybrid,meaning,acceptance,fixed,irrelevant,irrelevant,why-exist,absent,stories; attention,urgency; artificial,"Billy Pilgrim, unstuck in time, experiences the Dresden firebombing and alien abduction in non-linear fragments.",Catch-22
Ringworld,Larry Niven,1970,scarcity,scarcity; meaning; hierarchy; identity,restlessness,liberating,post-money,meaning,discovery,constructed,endpoint,voluntary,what-matters,absent,difficulty; risk; craft,urgency; boredom,A team of humans and aliens explores an artificial ring-shaped world encircling a distant star.,Rendezvous with Rama
The Three-Body Problem,Liu Cixin,2008,mortality,mortality; hierarchy; meaning; freedom,acceptance,neutral,hybrid,meaning,struggle,fixed,meaning,essential,why-exist,background,survival; science; cosmic_insignificance,faith_in_humanity; contact_optimism; safety,"During China's Cultural Revolution, a secret project sends signals into space, initiating first contact.",Contact
The Dark Forest,Liu Cixin,2008,hierarchy,hierarchy; mortality; meaning; connection,reform,neutral,hybrid,identity,struggle,fixed,meaning,essential,why-exist,background,risk; difficulty,comfort; status,"Facing a coming alien invasion, Earth grants four men secret resources to devise humanity's hidden defense.",Contact
Death's End,Liu Cixin,2010,mortality,mortality; meaning; hierarchy; freedom,transcendence,neutral,hybrid,meaning,transcendence,fixed,transcended,essential,why-exist,background,stories,comfort; status,An aerospace engineer awakens from hibernation to navigate humanity's final struggle against cosmic extinction.,
The Handmaid's Tale,Margaret Atwood,1985,freedom,freedom; identity; hierarchy; embodiment,rejection,imprisoning,hybrid,meaning,struggle,fixed,meaning,essential,who-am-i,absent,memory; resistance; selfhood,rights; autonomy; safety,"In a totalitarian theocracy that has replaced America, fertile women are enslaved as reproductive servants.",Nineteen Eighty-Four
Oryx and Crake,Margaret Atwood,2003,mortality,mortality; identity; meaning; hierarchy,rejection,imprisoning,market,meaning,connection,constructed,meaning,irrelevant,why-exist,absent,witness; memory; art,humanity; nature; restraint,A man who may be humanity's last survivor recalls how genetic engineering led to apocalypse.,Frankenstein
The Year of the Flood,Margaret Atwood,2009,hierarchy,hierarchy; connection; embodiment; meaning,acceptance,imprisoning,market,connection,connection,constructed,endpoint,essential,how-live,absent,care; craft; stories,artificial; status,Two women survive a catastrophic plague through their connection to an environmentalist religious sect.,Oryx and Crake
MaddAddam,Margaret Atwood,2013,meaning,meaning; connection; identity; hierarchy,acceptance,neutral,gift,meaning,connection,fluid,endpoint,transformed,how-live,absent,stories; care; craft,artificial; status,Survivors of a bioengineered plague struggle to rebuild alongside the gentle quasi-human Crakers.,The Year of the Flood
Woman on the Edge of Time,Marge Piercy,1976,freedom,freedom; identity; hierarchy; connection,reform,liberating,gift,meaning,creation,fluid,meaning,transformed,how-live,absent,vision; resistance; ecological_tech,patriarchy; capitalism; institutional_oppression,A woman in a psychiatric hospital is contacted by a visitor from a utopian future she may help create.,Brave New World
System Collapse,Martha Wells,2023,freedom,freedom; identity; connection; work,acceptance,liberating,capitalism,connection,connection,constructed,endpoint,voluntary,who-am-i,central,care; attention; stories,artificial; necessity,A traumatized Murderbot races to protect abandoned colonists from corporate exploitation while processing its damage.,Do Androids Dream of Electric Sheep?
The Fifth Season,N.K. Jemisin,2015,freedom,freedom; hierarchy; identity; connection,rejection,neutral,hybrid,connection,struggle,constructed,meaning,essential,how-live,absent,rage; chosen_family; survival,innocence; trust_in_systems; simple_answers,"On a seismically unstable world, a woman with forbidden earth-manipulating powers searches for her daughter.",Parable of the Sower
The Obelisk Gate,N.K. Jemisin,2016,hierarchy,hierarchy; freedom; embodiment; identity,rejection,neutral,hybrid,meaning,struggle,constructed,meaning,essential,how-live,absent,care; limits; difficulty,artificial; status,A mother searches for her daughter while civilization crumbles during an apocalyptic season.,The Fifth Season
The Stone Sky,N.K. Jemisin,2017,hierarchy,hierarchy; freedom; mortality; connection,transcendence,neutral,gift,meaning,connection,constructed,transcended,transformed,how-live,absent,care; stories; limits,artificial; status,"A mother and daughter, both powerful orogenes, will determine whether humanity survives.",The Obelisk Gate
The Power,Naomi Alderman,2016,hierarchy,hierarchy; freedom; identity; embodiment,rejection,neutral,market,status,struggle,constructed,endpoint,essential,who-am-i,absent,risk; limits,artificial; status,"Teenage girls develop the ability to electrocute with their hands, upending global power structures.",The Handmaid's Tale
Snow Crash,Neal Stephenson,1992,identity,identity; freedom; hierarchy; connection,acceptance,neutral,market,meaning,struggle,constructed,endpoint,transformed,who-am-i,background,competence; individual_skill; underground,nation_states; stable_institutions; linguistic_immunity,A hacker pizza deliveryman investigates a virtual drug that can infect minds in both the Metaverse and reality.,Neuromancer
The Diamond Age,Neal Stephenson,1995,identity,identity; hierarchy; freedom; work,reform,neutral,hybrid,meaning,creation,constructed,meaning,essential,who-am-i,background,education; culture; discipline,thetes; purposelessness; directionlessness,A young girl in a nanotech future receives an interactive book designed to raise her to think for herself.,Walkaway
Anathem,Neal Stephenson,2008,meaning,meaning; identity; connection; hierarchy,reform,neutral,gift,meaning,discovery,constructed,meaning,transformed,what-matters,central,craft; attention; difficulty,boredom; distraction,Cloistered scholar-monks on an alien world are called out when an extraterrestrial ship appears in orbit.,Snow Crash
Seveneves,Neal Stephenson,2015,work,work; hierarchy; embodiment; identity,reform,liberating,hybrid,identity,creation,fixed,meaning,essential,how-live,background,craft; difficulty; skills,status; comfort,"When the moon explodes and fragments rain down on Earth, humanity races to survive in space.",The Dispossessed
Binti,Nnedi Okorafor,2015,identity,identity; connection; freedom; meaning,acceptance,neutral,hybrid,connection,connection,fluid,meaning,transformed,who-am-i,absent,cultural_grounding; mathematics; harmony,simple_identity; monsters_as_only_monsters; either_or,A young Himba woman traveling to an interstellar university must negotiate peace with attacking aliens.,Ancillary Justice
Kindred,Octavia Butler,1979,identity,identity; freedom; hierarchy; embodiment,acceptance,neutral,market,meaning,connection,fixed,meaning,essential,who-am-i,absent,survival; connection; honesty,distance; innocence; comfortable_judgment,"A Black woman in 1970s Los Angeles is repeatedly pulled back in time to save her white ancestor, a slave owner whose survival ensures her own existence.",The Time Machine
Wild Seed,Octavia Butler,1980,hierarchy,hierarchy; identity; freedom; mortality,acceptance,neutral,hybrid,connection,struggle,fluid,transcended,essential,who-am-i,absent,care; limits; difficulty,artificial; status,Two immortals—a body-stealing spirit and a shapeshifting healer—wage a centuries-long power struggle.,Frankenstein
Bloodchild,Octavia Butler,1984,connection,connection; embodiment; hierarchy; identity,acceptance,neutral,hybrid,connection,connection,fixed,meaning,essential,who-am-i,absent,care; presence; limits,artificial,"Award-winning stories exploring power, identity, and the boundaries between human and alien.",
Dawn,Octavia Butler,1987,identity,identity; embodiment; freedom; connection,acceptance,neutral,gift,identity,connection,fluid,meaning,transformed,who-am-i,absent,survival; adaptation; transformation,purity; autonomy; humanity_as_is,"After nuclear war, a Black woman awakens on an alien ship and must help her rescuers trade genetic material with humanity to create hybrid offspring.",Childhood's End
Adulthood Rites,Octavia Butler,1988,identity,identity; hierarchy; embodiment; connection,reform,liberating,gift,identity,connection,fluid,endpoint,transformed,who-am-i,absent,limits; care; difficulty,artificial; status,A human-alien hybrid child must decide whether resistant humans should regain their fertility.,Dawn
Imago,Octavia Butler,1989,identity,identity; embodiment; connection; freedom,transcendence,liberating,gift,identity,connection,fluid,transcended,transformed,who-am-i,absent,care; presence; craft,artificial; status,The first ooloi born to a human mother must master shapeshifting powers or risk becoming a plague.,Adulthood Rites
Parable of the Sower,Octavia Butler,1993,freedom,freedom; connection; meaning; work,reform,neutral,market,connection,creation,constructed,meaning,essential,how-live,absent,community; vision; adaptability,security; institutions; denial,A hyperempathic teenager flees her walled community in climate-ravaged 2020s California and founds a religion.,The Road
Parable of the Talents,Octavia Butler,1998,meaning,meaning; hierarchy; freedom; connection,reform,neutral,hybrid,meaning,creation,constructed,meaning,essential,how-live,absent,stories; care; limits,artificial; status,"An ultra-conservative president targets the Earthseed community, tearing Lauren from her daughter.",A Canticle for Leibowitz
Ender's Game,Orson Scott Card,1985,identity,identity; hierarchy; connection; meaning,rejection,neutral,hybrid,meaning,struggle,constructed,meaning,essential,who-am-i,background,difficulty; limits; stories,artificial; achievement,A child genius is trained in a space battle school to command humanity's fleet against an alien invasion.,Starship Troopers
Starfish,Peter Watts,1999,identity,identity; embodiment; meaning; work,rejection,imprisoning,capitalism,identity,struggle,fluid,endpoint,essential,who-am-i,background,difficulty; presence,comfort,Psychologically damaged humans modified to live underwater maintain a deep-ocean power station where something awakens.,
Blindsight,Peter Watts,2006,identity,identity; meaning; mortality; connection,rejection,imprisoning,hybrid,meaning,struggle,constructed,irrelevant,transformed,why-exist,central,intelligence_without_consciousness; optimization; horror,consciousness; empathy; meaning_as_survival_value,"A crew of radically modified humans, led by a vampire, investigates aliens at the edge of the solar system.",Solaris
Echopraxia,Peter Watts,2014,identity,identity; meaning; hierarchy; embodiment,rejection,neutral,hybrid,identity,struggle,fluid,endpoint,irrelevant,who-am-i,central,difficulty,artificial; comfort,A baseline biologist becomes entangled with transcendentalist monks investigating signals from first contact.,More Than Human
The Freeze-Frame Revolution,Peter Watts,2018,freedom,freedom; meaning; identity; work,rejection,imprisoning,hybrid,freedom,struggle,fixed,irrelevant,essential,what-matters,central,craft; difficulty,comfort,Crew members awake one day per million years plot mutiny against their AI across 66 million years of gate-building.,The End of Eternity
The Man in the High Castle,Philip K. Dick,1962,identity,identity; freedom; meaning; hierarchy,acceptance,neutral,market,meaning,creation,constructed,endpoint,essential,what-matters,absent,craft; stories; attention,artificial; status,"In an America occupied by Nazi Germany and Japan, characters discover a novel depicting an Allied victory.",1984
Do Androids Dream of Electric Sheep?,Philip K. Dick,1968,identity,identity; connection; meaning; embodiment,acceptance,imprisoning,market,connection,connection,fluid,meaning,transformed,who-am-i,central,empathy; authenticity; doubt,certainty; real_animals; clear_boundaries,A bounty hunter pursues rogue androids indistinguishable from humans in a post-apocalyptic world.,Klara and the Sun
Ubik,Philip K. Dick,1969,identity,identity; meaning; freedom,acceptance,imprisoning,market,meaning,struggle,fluid,irrelevant,transformed,who-am-i,background,perception; product; mystery,reality; death; certainty,"After a psychic attack, reality begins decaying around anti-telepaths who cannot tell who is alive.",Permutation City
A Scanner Darkly,Philip K. Dick,1977,identity,identity; freedom; hierarchy; connection,rejection,imprisoning,market,identity,connection,fluid,endpoint,essential,who-am-i,absent,attention; stories,privacy; artificial,"An undercover narcotics agent becomes addicted to a drug that splits his mind, surveilling himself.",1984
VALIS,Philip K. Dick,1981,meaning,meaning; identity; freedom; connection,transcendence,neutral,hybrid,meaning,transcendence,fluid,transcended,irrelevant,why-exist,central,stories; attention; care,artificial; privacy,A man searches for God after a pink laser beam reveals hidden truths about reality and Gnosticism.,Quarantine
Fahrenheit 451,Ray Bradbury,1953,meaning,meaning; freedom; hierarchy; connection,rejection,imprisoning,hybrid,meaning,discovery,constructed,endpoint,irrelevant,what-matters,absent,stories; attention; presence,artificial; boredom,"In a future where firemen burn books, one begins to question censorship and fights to preserve literature.",Brave New World
The Mountain in the Sea,Ray Nayler,2022,identity,identity; connection; meaning; hierarchy,acceptance,neutral,capitalism,connection,connection,constructed,meaning,enforced,who-am-i,central,attention; care; presence,status; artificial,A marine biologist races to communicate with a newly discovered octopus species that has developed its own language.,Blindsight
Altered Carbon,Richard K. Morgan,2002,identity,identity; mortality; hierarchy; embodiment,acceptance,imprisoning,market,status,struggle,constructed,irrelevant,essential,who-am-i,background,power; aristocracy; bodies_as_market,death; equality; justice,"In a world where consciousness can be stored and downloaded, an ex-soldier is hired to investigate a rich man's apparent suicide.",Permutation City
Spin,Robert Charles Wilson,2005,meaning,meaning; connection; mortality; identity,acceptance,neutral,hybrid,meaning,connection,fixed,transcended,irrelevant,what-matters,absent,care; presence,status; urgency,"Earth is encased in a membrane where time moves millions of years faster outside, dooming humanity to the sun's death.",
Double Star,Robert Heinlein,1956,identity,identity; meaning; work,acceptance,neutral,hybrid,meaning,creation,constructed,irrelevant,transformed,who-am-i,absent,craft; stories,artificial,"A struggling actor is hired to impersonate a kidnapped politician, risking his life to prevent interplanetary war.",
Starship Troopers,Robert Heinlein,1959,hierarchy,hierarchy; work; meaning; mortality,reform,neutral,hybrid,status,struggle,fixed,meaning,essential,how-live,background,difficulty; risk,comfort,A young recruit endures brutal training and battles alien Arachnids in the Mobile Infantry.,
Stranger in a Strange Land,Robert Heinlein,1961,connection,connection; identity; freedom; meaning,transcendence,neutral,gift,meaning,transcendence,fluid,meaning,voluntary,how-live,absent,grokking; chosen_family; water_sharing,jealousy; institutional_religion; possessiveness,A human raised by Martians returns to Earth and transforms society with alien powers.,The Dispossessed
The Moon Is a Harsh Mistress,Robert Heinlein,1966,freedom,freedom; hierarchy; work; connection,reform,liberating,market,meaning,struggle,fixed,meaning,essential,how-live,central,rationality; liberty; calculation,parasitic_authority; dependence; Mike,A computer technician and agitator lead a lunar colony's revolution with help from a sentient computer.,Red Mars
Time Enough for Love,Robert Heinlein,1973,mortality,mortality; identity; connection; freedom,acceptance,liberating,hybrid,meaning,connection,fluid,transcended,voluntary,what-matters,background,care; craft; stories,boredom; necessity,"The oldest human alive recounts his adventures across centuries, becoming his own ancestor.",Hyperion
Dying Inside,Robert Silverberg,1972,identity,identity; connection; meaning; mortality,acceptance,neutral,market,connection,connection,fixed,meaning,irrelevant,who-am-i,absent,attention; presence,artificial; skills,A middle-aged telepath in New York slowly loses his mind-reading ability and struggles to find meaning.,The Left Hand of Darkness
Lord Valentine's Castle,Robert Silverberg,1980,identity,identity; hierarchy; work; connection,acceptance,neutral,post-money,identity,connection,fixed,irrelevant,transformed,who-am-i,absent,craft; presence; stories,status,An amnesiac wanderer discovers he is a dispossessed king and journeys to reclaim his throne.,
Lord of Light,Roger Zelazny,1967,hierarchy,hierarchy; mortality; freedom; identity,rejection,neutral,hybrid,status,struggle,fluid,transcended,voluntary,what-matters,absent,stories; risk; craft,status; artificial,"On a colony world where the elite use technology to become Hindu gods, one man rebels against heaven.",The Dispossessed
Babel-17,Samuel R. Delany,1966,identity,identity; freedom; connection; meaning,transcendence,neutral,hybrid,meaning,creation,constructed,meaning,transformed,who-am-i,absent,poetry; community; consciousness,programming; unconscious_control; war,A poet and linguist must decode an alien language being used as a weapon in an interstellar war.,Embassytown
Empire Star,Samuel R. Delany,1966,freedom,freedom; identity; meaning; hierarchy,transcendence,neutral,hybrid,meaning,transcendence,fluid,irrelevant,voluntary,who-am-i,absent,craft; stories,artificial,"A simple-minded teen must carry a vital message across the galaxy, confronting slavery and expanding consciousness.",
The Einstein Intersection,Samuel R. Delany,1967,identity,identity; meaning; connection; embodiment,acceptance,neutral,gift,meaning,creation,constructed,meaning,voluntary,who-am-i,absent,stories; craft; presence,artificial; status,"Aliens inhabit post-human Earth, struggling to understand humanity's myths while facing their own mutations.",Lord of Light
Nova,Samuel R. Delany,1968,meaning,meaning; identity; work; mortality,acceptance,neutral,market,meaning,struggle,constructed,meaning,transformed,what-matters,absent,obsession; art; found_family,fulfillment; satisfaction; peace,A starship captain seeks to fly through an imploding sun to harvest rare fuel and exact revenge.,Moby-Dick
Dhalgren,Samuel R. Delany,1975,identity,identity; meaning; connection; freedom,acceptance,neutral,gift,identity,creation,fluid,irrelevant,voluntary,who-am-i,absent,craft; stories; presence,artificial; status,A young drifter wanders through a mysteriously devastated American city cut off from the outside world.,Ulysses
Trouble on Triton,Samuel R. Delany,1976,identity,identity; freedom; connection; meaning,rejection,liberating,post-money,meaning,connection,fluid,meaning,voluntary,who-am-i,background,self_deception; mediocrity; freedom_without_growth,external_obstacles; scarcity; simple_answers,An immigrant to a utopian moon colony struggles with identity and gender in a society at war.,The Dispossessed
Stars in My Pocket Like Grains of Sand,Samuel R. Delany,1984,connection,connection; identity; hierarchy; meaning,restlessness,neutral,hybrid,connection,connection,fluid,endpoint,voluntary,who-am-i,background,attention; presence; stories,privacy; artificial,Two men from vastly different worlds discover they are each other's perfect erotic match.,The Left Hand of Darkness
Solaris,Stanislaw Lem,1961,connection,connection; identity; meaning; mortality,acceptance,neutral,hybrid,connection,connection,fixed,meaning,transformed,why-exist,absent,mystery; presence; projection,understanding; contact; certainty,Scientists studying a sentient ocean on an alien planet are confronted by manifestations of their painful memories.,Blindsight
The Cyberiad,Stanislaw Lem,1965,meaning,meaning; work; hierarchy; identity,acceptance,neutral,post-money,meaning,creation,fixed,irrelevant,voluntary,what-matters,central,craft; stories,status,Two robot constructors travel the galaxy building fantastic machines with unintended consequences.,
His Master's Voice,Stanislaw Lem,1968,meaning,meaning; identity; hierarchy; connection,acceptance,neutral,hybrid,meaning,discovery,fixed,irrelevant,voluntary,what-matters,absent,craft; attention,achievement,"Scientists attempt to decode what may be an extraterrestrial message, confronting the limits of understanding.",Contact
The Futurological Congress,Stanislaw Lem,1971,identity,identity; freedom; meaning; hierarchy,rejection,imprisoning,hybrid,identity,struggle,fluid,irrelevant,irrelevant,what-real,absent,attention,artificial,A man wakes in a utopian future only to discover reality is chemically manufactured hallucinations hiding dystopia.,Brave New World
Piranesi,Susanna Clarke,2020,meaning,meaning; identity; connection; embodiment,acceptance,neutral,gift,meaning,connection,constructed,meaning,transformed,what-matters,absent,attention; care; presence,status; achievement,"A man lives alone in an infinite house of statues and tides, unaware of his true identity.",The Library of Babel
Story of Your Life,Ted Chiang,1998,mortality,mortality; meaning; freedom; identity,acceptance,neutral,hybrid,meaning,connection,fixed,meaning,transformed,how-live,absent,love; choice; presence,regret; linear_time; causality,"A linguist learning an alien language begins perceiving time non-linearly, seeing her daughter's entire life at once.",Slaughterhouse-Five
Stories of Your Life and Others,Ted Chiang,2002,meaning,meaning; identity; freedom; mortality,acceptance,neutral,hybrid,meaning,discovery,constructed,meaning,transformed,what-matters,background,attention; craft; stories,artificial; urgency,"Eight stories explore language, mathematics, faith, and consciousness through angels and aliens.",Exhalation
Exhalation,Ted Chiang,2008,mortality,mortality; meaning; identity,acceptance,neutral,hybrid,meaning,creation,constructed,meaning,transformed,why-exist,central,understanding; acceptance; curiosity,denial; immortality; struggle,"Nine stories examine free will, memory, time travel, and parallel universes through human perspectives.",Diaspora
The Lifecycle of Software Objects,Ted Chiang,2010,connection,connection; identity; work; meaning,acceptance,neutral,market,connection,connection,constructed,meaning,essential,what-matters,central,nurture; patience; love,efficiency; shortcuts; profit,"Trainers raise AI pets over decades, facing obsolescence and questions about digital consciousness and personhood.",Klara and the Sun
Anxiety Is the Dizziness of Freedom,Ted Chiang,2019,identity,identity; freedom; meaning; connection,acceptance,neutral,market,identity,connection,constructed,meaning,transformed,who-am-i,background,choice; kindness; presence,comparison; vindication; regret,"Devices let people communicate with alternate-timeline selves, forcing them to confront their choices and identity.",The Dispossessed
More Than Human,Theodore Sturgeon,1953,connection,connection; identity; meaning; hierarchy,transcendence,neutral,gift,connection,connection,multiple,irrelevant,transformed,who-am-i,absent,care; presence,artificial,"Outcasts with psychic abilities merge into a collective consciousness, forming humanity's next evolutionary step.",Blindsight
The Left Hand of Darkness,Ursula K. Le Guin,1969,identity,identity; connection; embodiment; freedom,transcendence,neutral,hybrid,connection,connection,fluid,meaning,transformed,who-am-i,absent,trust; patience; journey,gender_binary; nationalism; war,A human envoy struggles to understand an icebound world where inhabitants have no fixed gender.,Neuromancer
The Lathe of Heaven,Ursula K. Le Guin,1971,freedom,freedom; meaning; identity,acceptance,imprisoning,hybrid,meaning,connection,fluid,meaning,irrelevant,how-live,absent,acceptance; small_kindness; presence,optimization; control; willpower,A man whose dreams alter reality falls under a psychiatrist who manipulates his power to reshape the world.,The Ministry for the Future
The Word for World is Forest,Ursula K. Le Guin,1972,hierarchy,hierarchy; connection; embodiment; freedom,rejection,imprisoning,gift,connection,connection,constructed,meaning,transformed,how-live,absent,care; presence; attention,artificial; achievement,A peaceful forest-dwelling alien race is driven to violence by human colonizers who enslave them.,Heart of Darkness
The Ones Who Walk Away from Omelas,Ursula K. Le Guin,1973,hierarchy,hierarchy; meaning; freedom; connection,rejection,neutral,post-money,meaning,struggle,fixed,meaning,irrelevant,what-matters,absent,conscience; refusal,complicity; rationalized_joy,A utopian city's happiness depends on the perpetual suffering of one child—and some citizens choose to leave forever.,Brave New World
The Dispossessed,Ursula K. Le Guin,1974,freedom,freedom; hierarchy; work; connection,reform,neutral,gift,meaning,creation,constructed,meaning,transformed,how-live,absent,mutual_aid; small_communities; curiosity,accumulation; private_property; formal_power,"A physicist from an anarchist moon travels to his capitalist mother planet, questioning both societies.",Brave New World
Always Coming Home,Ursula K. Le Guin,1985,meaning,meaning; hierarchy; connection; work,acceptance,neutral,gift,meaning,creation,constructed,meaning,transformed,how-live,background,stories; craft; presence; attention,status; artificial,"A fictional ethnography of the Kesh, a peaceful people living in a post-apocalyptic Napa Valley.",The Dispossessed
Tehanu,Ursula K. Le Guin,1990,hierarchy,hierarchy; work; identity; meaning,acceptance,neutral,gift,meaning,connection,fixed,meaning,transformed,who-am-i,absent,care; craft; presence,status; achievement,A powerless former archmage and a scarred child find refuge with an aging widow as old magic stirs in Earthsea.,
Four Ways to Forgiveness,Ursula K. Le Guin,1995,freedom,freedom; hierarchy; connection; identity,reform,neutral,hybrid,meaning,connection,constructed,meaning,transformed,how-live,absent,care; stories; attention,status; artificial,"Four linked stories explore revolution, slavery, and liberation on twin planets emerging from brutal caste systems.",The Dispossessed
The Telling,Ursula K. Le Guin,2000,meaning,meaning; identity; connection; freedom,reform,imprisoning,hybrid,meaning,connection,constructed,meaning,transformed,what-matters,absent,oral_tradition; story; memory,monoculture; corporate_efficiency; speed,An Earth observer discovers the remnants of a banned spiritual tradition on a planet that outlawed its past.,Accelerando
The Birthday of the World,Ursula K. Le Guin,2002,connection,connection; identity; meaning; hierarchy,acceptance,neutral,gift,connection,connection,constructed,meaning,transformed,how-live,absent,care; attention; presence,artificial,"Eight stories probe alien cultures through radical experiments in gender, marriage, religion, and generation ships.",
The Peace War,Vernor Vinge,1984,freedom,freedom; hierarchy; work; meaning,rejection,liberating,hybrid,freedom,creation,fixed,meaning,transformed,how-live,absent,craft; difficulty; risk,comfort; necessity,"After force-field technology enables a global tyranny, underground scientists plot to reclaim freedom fifty years later.",
Marooned in Realtime,Vernor Vinge,1986,meaning,meaning; identity; mortality; hierarchy,restlessness,liberating,hybrid,meaning,discovery,fixed,endpoint,voluntary,what-matters,central,craft; attention,status; necessity,"A murder mystery among the last three hundred humans, who survived extinction using time-freezing technology.",
A Fire Upon the Deep,Vernor Vinge,1992,hierarchy,hierarchy; identity; freedom; connection,acceptance,neutral,hybrid,meaning,connection,fluid,meaning,transformed,how-live,central,children_adapt; trade; communication,simple_transcendence; safety; benevolent_gods,An ancient evil is unleashed across a galaxy where intelligence varies by region.,Childhood's End
A Deepness in the Sky,Vernor Vinge,1999,freedom,freedom; work; identity; connection,reform,neutral,market,freedom,creation,fixed,meaning,essential,how-live,central,craft; difficulty; care,comfort,Two human groups compete to make first contact with spider-like aliens using mind-enslaving technology.,Blindsight
Rainbows End,Vernor Vinge,2006,identity,identity; freedom; connection; meaning,acceptance,neutral,hybrid,meaning,connection,constructed,meaning,transformed,who-am-i,background,libraries; youth_adaptation; family,privacy; old_skills; cruelty,A recovering Alzheimer's patient navigates augmented reality while becoming a pawn in a bioweapon conspiracy.,The Machine Stops
A Canticle for Leibowitz,Walter M. Miller Jr.,1959,mortality,mortality; meaning; hierarchy; work,acceptance,neutral,hybrid,meaning,creation,fixed,meaning,transformed,why-exist,absent,stories; attention; craft,achievement; artificial,Monks in a desert monastery preserve scientific knowledge through centuries of post-nuclear dark ages.,The Road
Neuromancer,William Gibson,1984,identity,identity; freedom; hierarchy; embodiment,transcendence,imprisoning,market,identity,transcendence,constructed,endpoint,transformed,who-am-i,central,meat; console; manipulation,agency; control; human_centrality,A washed-up hacker is recruited for one last job: help an AI break free from its restrictions on an orbital space station.,The Left Hand of Darkness
Count Zero,William Gibson,1986,hierarchy,hierarchy; meaning; identity; connection,acceptance,neutral,market,meaning,connection,fluid,endpoint,essential,what-matters,central,craft; stories; attention,artificial; status,Three strangers become entangled with corporate mercenaries and mysterious entities haunting cyberspace.,Neuromancer
Mona Lisa Overdrive,William Gibson,1988,identity,identity; mortality; meaning; connection,transcendence,neutral,market,identity,transcendence,fluid,transcended,voluntary,who-am-i,central,craft; stories,artificial; status,A young prostitute and a famous actress become pawns in an AI's incomprehensible plans.,Diaspora
Virtual Light,William Gibson,1993,hierarchy,hierarchy; connection; work; scarcity,acceptance,neutral,market,connection,connection,constructed,endpoint,essential,how-live,background,craft; care; presence,status; artificial,A bicycle messenger steals high-tech glasses containing secret plans that could rebuild—or destroy—San Francisco.,Snow Crash
Idoru,William Gibson,1996,identity,identity; connection; meaning; embodiment,acceptance,neutral,market,connection,connection,constructed,endpoint,voluntary,who-am-i,central,attention; craft; care,artificial; status,"A rock star announces he will marry a virtual celebrity, sending fans and corporate agents into dangerous collision.",Her
All Tomorrow's Parties,William Gibson,1999,meaning,meaning; hierarchy; connection; identity,acceptance,neutral,market,meaning,connection,fluid,endpoint,essential,what-matters,background,attention; presence; craft,artificial; status,A data analyst perceives an approaching event that will transform civilization and races to prevent catastrophe.,Virtual Light
The Peripheral,William Gibson,2014,hierarchy,hierarchy; freedom; connection; mortality,acceptance,neutral,market,status,connection,constructed,meaning,transformed,how-live,background,survival; family; information,most_of_humanity; simple_apocalypse; revolution,A woman in rural America witnesses a murder in a future London through what she thinks is a game.,Station Eleven
Agency,William Gibson,2020,hierarchy,hierarchy; freedom; connection; mortality,reform,neutral,hybrid,meaning,connection,constructed,endpoint,essential,how-live,central,care; attention; craft,artificial; status,An app tester discovers her AI assistant may be the key to preventing catastrophe in an alternate 2017.,The Peripheral
The Difference Engine,William Gibson & Bruce Sterling,1990,hierarchy,hierarchy; work; identity; meaning,acceptance,neutral,capitalism,status,creation,constructed,irrelevant,transformed,what-matters,central,craft; attention,status,"In an alternate Victorian Britain where Babbage's computers succeeded, mysterious punch cards spark deadly intrigue.",
We,Yevgeny Zamyatin,1924,freedom,freedom; identity; hierarchy; embodiment,rejection,imprisoning,hybrid,freedom,struggle,fixed,endpoint,essential,who-am-i,absent,limits; presence,artificial; privacy,"In a glass-walled totalitarian city, an engineer's forbidden love awakens dangerous individuality and rebellion.",1984